company_id,cluster_id,cluster_name,distance_from_centroid
RELIANCE,0,Value Cyclicals,0.1754
SHREECEM,0,Value Cyclicals,0.2101
PIDILITIND,0,Value Cyclicals,0.2517
SIEMENS,0,Value Cyclicals,0.2779
LT,0,Value Cyclicals,0.2865
MARUTI,0,Value Cyclicals,0.3028
BRITANNIA,0,Value Cyclicals,0.3181
ABB,0,Value Cyclicals,0.3188
EICHERMOT,0,Value Cyclicals,0.3205
TCS,0,Value Cyclicals,0.3267
HCLTECH,0,Value Cyclicals,0.3273
SUNPHARMA,0,Value Cyclicals,0.3349
ASIANPAINT,0,Value Cyclicals,0.3479
GAIL,0,Value Cyclicals,0.3621
BAJAJ-AUTO,0,Value Cyclicals,0.3914
INFY,0,Value Cyclicals,0.4009
GRASIM,0,Value Cyclicals,0.4108
DIVISLAB,0,Value Cyclicals,0.4146
MOTHERSON,0,Value Cyclicals,0.4284
DABUR,0,Value Cyclicals,0.4324
DRREDDY,0,Value Cyclicals,0.4407
BPCL,0,Value Cyclicals,0.4755
HAVELLS,0,Value Cyclicals,0.4896
TATAMOTORS,0,Value Cyclicals,0.5014
NTPC,0,Value Cyclicals,0.5087
ONGC,0,Value Cyclicals,0.5248
IOC,0,Value Cyclicals,0.5315
TECHM,0,Value Cyclicals,0.5372
TATASTEEL,0,Value Cyclicals,0.5774
NESTLEIND,0,Value Cyclicals,0.5792
APOLLOHOSP,0,Value Cyclicals,0.6
GODREJCP,0,Value Cyclicals,0.6069
BOSCHLTD,0,Value Cyclicals,0.6423
TVSMOTOR,0,Value Cyclicals,0.6849
TORNTPHARM,0,Value Cyclicals,0.6946
LICI,0,Value Cyclicals,0.7005
JSWSTEEL,0,Value Cyclicals,0.703
TATACONSUM,0,Value Cyclicals,0.7362
TATAPOWER,0,Value Cyclicals,0.7678
M&M,0,Value Cyclicals,0.7844
ITC,0,Value Cyclicals,0.7866
AMBUJACEM,0,Value Cyclicals,0.934
NAUKRI,0,Value Cyclicals,0.9424
ADANIPOWER,0,Value Cyclicals,0.9549
IRCTC,0,Value Cyclicals,1.1409
ADANIENT,0,Value Cyclicals,1.2521
JINDALSTEL,0,Value Cyclicals,1.2883
JSWENERGY,0,Value Cyclicals,1.3296
DMART,0,Value Cyclicals,1.3966
ATGL,0,Value Cyclicals,1.4212
TITAN,0,Value Cyclicals,1.5351
NHPC,0,Value Cyclicals,1.7127
SBIN,0,Value Cyclicals,1.8074
LODHA,0,Value Cyclicals,1.8801
SBILIFE,0,Value Cyclicals,1.9738
BHEL,0,Value Cyclicals,2.2071
DLF,0,Value Cyclicals,2.2436
LTIM,0,Value Cyclicals,2.6736
ICICIGI,1,High-Quality Compounders,0.4393
HINDALCO,1,High-Quality Compounders,0.5587
JIOFIN,1,High-Quality Compounders,0.6004
HINDUNILVR,1,High-Quality Compounders,0.7399
CIPLA,1,High-Quality Compounders,0.7499
ICICIPRULI,1,High-Quality Compounders,0.9061
KOTAKBANK,1,High-Quality Compounders,1.0673
COALINDIA,1,High-Quality Compounders,1.123
ADANIPORTS,1,High-Quality Compounders,1.1704
POWERGRID,1,High-Quality Compounders,1.1769
HDFCLIFE,1,High-Quality Compounders,1.2214
BHARTIARTL,1,High-Quality Compounders,1.2472
INDIGO,1,High-Quality Compounders,1.5765
HEROMOTOCO,1,High-Quality Compounders,1.6602
RECLTD,1,High-Quality Compounders,2.0924
BAJAJHLDNG,1,High-Quality Compounders,2.4643
ADANIENSOL,2,Distressed or Turnaround,0.0
BEL,3,Defensive Dividend Payers,0.6317
HAL,3,Defensive Dividend Payers,0.6317
HDFCBANK,4,Emerging Growth,0.6414
CHOLAFIN,4,Emerging Growth,0.675
INDUSINDBK,4,Emerging Growth,0.7281
ICICIBANK,4,Emerging Growth,0.7988
BAJAJFINSV,4,Emerging Growth,0.8056
AXISBANK,4,Emerging Growth,1.0193
SHRIRAMFIN,4,Emerging Growth,1.1857
PNB,4,Emerging Growth,1.283
BAJFINANCE,4,Emerging Growth,1.3247
PFC,4,Emerging Growth,1.4291
BANKBARODA,4,Emerging Growth,1.9643
IRFC,4,Emerging Growth,2.0556
ADANIGREEN,4,Emerging Growth,2.3511
CANBK,4,Emerging Growth,2.8887
TRENT,4,Emerging Growth,3.3009
