company_id,sector,metric,value,sector_mean,sector_std,z_score
INDIGO,Consumer Discretionary,return_on_equity_pct,856.98,82.14,215.04,3.6
PNB,Financials,return_on_equity_pct,61.32,17.79,11.74,3.71
BAJAJHLDNG,Financials,net_profit_margin_pct,432.73,38.24,85.78,4.6
ADANIGREEN,Energy,debt_to_equity,6.38,1.33,1.48,3.41
BAJAJHLDNG,Financials,interest_coverage,3764.5,334.3,912.05,3.76
INDIGO,Consumer Discretionary,asset_turnover,55.61,4.99,14.05,3.6
PNB,Financials,asset_turnover,1.51,0.18,0.3,4.49
TATAMOTORS,Consumer Discretionary,free_cash_flow_cr,45133.0,4444.14,12143.02,3.35
INDIGO,Consumer Discretionary,pat_cagr_5yr,120.69,26.35,30.91,3.05
INDIGO,Consumer Discretionary,eps_cagr_5yr,121.24,25.98,30.7,3.1
SBIN,Financials,eps_cagr_5yr,90.37,24.93,20.37,3.21
