kpi_metric,count,mean,std,p10,p25,p50_median,p75,p90
return_on_equity_pct,92,115.48,591.62,7.41,11.55,15.9,23.15,38.69
operating_profit_margin_pct,92,34.73,27.22,9.87,16.05,26.0,40.55,84.0
net_profit_margin_pct,92,20.02,44.94,4.62,7.25,14.21,20.35,29.24
debt_to_equity,92,1.67,2.82,0.0,0.04,0.41,1.71,6.44
interest_coverage,92,124.78,480.8,1.62,3.04,11.3,57.97,190.5
asset_turnover,92,2.98,12.59,0.07,0.18,0.6,1.04,1.51
free_cash_flow_cr,92,893.61,23000.48,-14435.1,-1290.0,1095.0,8348.5,20412.2
revenue_cagr_5yr,92,13.0,7.32,5.9,8.46,12.03,17.28,21.08
pat_cagr_5yr,92,20.64,20.57,4.87,10.34,15.81,23.41,38.14
eps_cagr_5yr,92,18.61,19.14,4.7,9.45,14.87,21.14,30.35
